{"cameraMode":{"drawMode":0,"name":"Shaded","section":"Shading Mode"},"sceneLighting":true,"audioPlay":false,"sceneViewState":{"showFog":true,"showMaterialUpdate":false,"showSkybox":true,"showFlares":true,"showImageEffects":true,"showParticleSystems":true},"in2DMode":false,"pivot":{"x":0.0,"y":19.150001525878908,"z":124.63825988769531},"rotation":{"x":-0.054667770862579349,"y":0.5638962984085083,"z":-0.0374436229467392,"w":-0.8231894969940186},"size":329.1927795410156,"orthographic":false}